Workbook

Sheet GENEL_TOPLAM
B1: 44287 | C1: =B1+1 -> 44288 | D1: =C1+1 -> 44289 | E1: =D1+1 -> 44290 | F1: =E1+1 -> 44291 | G1: =F1+1 -> 44292 | H1: =G1+1 -> 44293 | I1: =H1+1 -> 44294 | J1: =I1+1 -> 44295 | K1: =J1+1 -> 44296 | M1: TOPLAM
A2: GENEL TOPLAM | B2: {=INDIRECT("'" & DAY(B1) &"'!B10")} -> 10600 | C2: {=INDIRECT("'" & DAY(C1) &"'!B10")} -> 10300 | D2: {=INDIRECT("'" & DAY(D1) &"'!B10")} -> 9700 | E2: {=INDIRECT("'" & DAY(E1) &"'!B10")} -> 10600 | F2: {=INDIRECT("'" & DAY(F1) &"'!B10")} -> 10400 | G2: {=INDIRECT("'" & DAY(G1) &"'!B10")} -> 10900 | H2: {=INDIRECT("'" & DAY(H1) &"'!B10")} -> 9000 | I2: {=INDIRECT("'" & DAY(I1) &"'!B10")} -> 10300 | ... K2: {=INDIRECT("'" & DAY(K1) &"'!B10")} -> 12100 | M2: =SUM(B2:L2) -> 103700
A3: HARCAMALAR | B3: {=INDIRECT("'" & DAY(B1) &"'!D10")} -> 2200 | C3: {=INDIRECT("'" & DAY(C1) &"'!D10")} -> 1700 | D3: {=INDIRECT("'" & DAY(D1) &"'!D10")} -> 1500 | E3: {=INDIRECT("'" & DAY(E1) &"'!D10")} -> 2200 | F3: {=INDIRECT("'" & DAY(F1) &"'!D10")} -> 1400 | G3: {=INDIRECT("'" & DAY(G1) &"'!D10")} -> 1700 | H3: {=INDIRECT("'" & DAY(H1) &"'!D10")} -> 1800 | I3: {=INDIRECT("'" & DAY(I1) &"'!D10")} -> 1600 | ... K3: {=INDIRECT("'" & DAY(K1) &"'!D10")} -> 1900 | M3: =SUM(B3:L3) -> 17900
A4: KALAN | B4: =B2-B3 -> 8400 | C4: =C2-C3 -> 8600 | D4: =D2-D3 -> 8200 | E4: =E2-E3 -> 8400 | F4: =F2-F3 -> 9000 | G4: =G2-G3 -> 9200 | H4: =H2-H3 -> 7200 | I4: =I2-I3 -> 8700 | ... K4: =K2-K3 -> 10200 | M4: =SUM(B4:L4) -> 85800

Sheet 1
B1: =GENEL_TOPLAM!B1+_xlfn.SHEET()-2 -> 44287 | D1: HARCAMALAR
A2: SAMSUN | B2: 1400 | D2: 400
A3: ARTVİN | B3: 1300 | D3: 500
A4: AĞRI | B4: 1600 | D4: 300
A5: VAN | B5: 1200 | D5: 400
A6: ANTALYA | B6: 1400
A7: BURDUR | B7: 1800 | D7: 600
A8: UŞAK | B8: 1900
A10: TOPLAM | B10: =SUM(B2:B9) -> 10600 | D10: =SUM(D2:D8) -> 2200

Sheet 2
B1: =GENEL_TOPLAM!B1+_xlfn.SHEET()-2 -> 44288 | D1: HARCAMALAR
A2: SAMSUN | B2: 1500 | D2: 400
A3: ARTVİN | B3: 1400
A4: AĞRI | B4: 1700 | D4: 600
A5: VAN | B5: 1200 | D5: 300
A6: ANTALYA | B6: 1100
A7: BURDUR | B7: 1600 | D7: 400
A8: UŞAK | B8: 1800
A10: TOPLAM | B10: =SUM(B2:B9) -> 10300 | D10: =SUM(D2:D8) -> 1700

Sheet 3
B1: =GENEL_TOPLAM!B1+_xlfn.SHEET()-2 -> 44289 | D1: HARCAMALAR
A2: SAMSUN | B2: 1100 | D2: 500
A3: ARTVİN | B3: 1600 | D3: 300
A4: AĞRI | B4: 1000 | D4: 300
A5: VAN | B5: 1100 | D5: 400
A6: ANTALYA | B6: 1600
A7: BURDUR | B7: 2000
A8: UŞAK | B8: 1300
A10: TOPLAM | B10: =SUM(B2:B9) -> 9700 | D10: =SUM(D2:D8) -> 1500

Sheet 4
B1: =GENEL_TOPLAM!B1+_xlfn.SHEET()-2 -> 44290 | D1: HARCAMALAR
A2: SAMSUN | B2: 1900 | D2: 300
A3: ARTVİN | B3: 1500 | D3: 500
A4: AĞRI | B4: 1200 | D4: 600
A5: VAN | B5: 1700 | D5: 400
A6: ANTALYA | B6: 1600
A7: BURDUR | B7: 1200
A8: UŞAK | B8: 1500 | D8: 400
A10: TOPLAM | B10: =SUM(B2:B9) -> 10600 | D10: =SUM(D2:D8) -> 2200

Sheet 5
B1: =GENEL_TOPLAM!B1+_xlfn.SHEET()-2 -> 44291 | D1: HARCAMALAR
A2: SAMSUN | B2: 1300 | D2: 400
A3: ARTVİN | B3: 1100
A4: AĞRI | B4: 1300
A5: VAN | B5: 1400
A6: ANTALYA | B6: 1700
A7: BURDUR | B7: 1700 | D7: 500
A8: UŞAK | B8: 1900 | D8: 500
A10: TOPLAM | B10: =SUM(B2:B9) -> 10400 | D10: =SUM(D2:D8) -> 1400

Sheet 6
B1: =GENEL_TOPLAM!B1+_xlfn.SHEET()-2 -> 44292 | D1: HARCAMALAR
A2: SAMSUN | B2: 1300 | D2: 400
A3: ARTVİN | B3: 1400 | D3: 500
A4: AĞRI | B4: 1800 | D4: 500
A5: VAN | B5: 1000
A6: ANTALYA | B6: 1600
A7: BURDUR | B7: 1900
A8: UŞAK | B8: 1900 | D8: 300
A10: TOPLAM | B10: =SUM(B2:B9) -> 10900 | D10: =SUM(D2:D8) -> 1700

Sheet 7
B1: =GENEL_TOPLAM!B1+_xlfn.SHEET()-2 -> 44293 | D1: HARCAMALAR
A2: SAMSUN | B2: 1400 | D2: 300
A3: ARTVİN | B3: 1100 | D3: 400
A4: AĞRI | B4: 1000 | D4: 600
A5: VAN | B5: 1300
A6: ANTALYA | B6: 1200
A7: BURDUR | B7: 2000
A8: UŞAK | B8: 1000 | D8: 500
A10: TOPLAM | B10: =SUM(B2:B9) -> 9000 | D10: =SUM(D2:D8) -> 1800

Sheet 8
B1: =GENEL_TOPLAM!B1+_xlfn.SHEET()-2 -> 44294 | D1: HARCAMALAR
A2: SAMSUN | B2: 1300
A3: ARTVİN | B3: 1500
A4: AĞRI | B4: 1500
A5: VAN | B5: 1300 | D5: 500
A6: ANTALYA | B6: 1600 | D6: 300
A7: BURDUR | B7: 1400 | D7: 500
A8: UŞAK | B8: 1700 | D8: 300
A10: TOPLAM | B10: =SUM(B2:B9) -> 10300 | D10: =SUM(D2:D8) -> 1600

Sheet 9
B1: =GENEL_TOPLAM!B1+_xlfn.SHEET()-2 -> 44295 | D1: HARCAMALAR
A2: SAMSUN | B2: 1900 | D2: 600
A3: ARTVİN | B3: 1100
A4: AĞRI | B4: 1600 | D4: 300
A5: VAN | B5: 1400
A6: ANTALYA | B6: 1500 | D6: 600
A7: BURDUR | B7: 1200
A8: UŞAK | B8: 1100 | D8: 400
A10: TOPLAM | B10: =SUM(B2:B9) -> 9800 | D10: =SUM(D2:D8) -> 1900

Sheet 10
B1: =GENEL_TOPLAM!B1+_xlfn.SHEET()-2 -> 44296 | D1: HARCAMALAR
A2: SAMSUN | B2: 1100 | D2: 400
A3: ARTVİN | B3: 1900 | D3: 600
A4: AĞRI | B4: 1800
A5: VAN | B5: 1600 | D5: 600
A6: ANTALYA | B6: 1800
A7: BURDUR | B7: 1900
A8: UŞAK | B8: 2000 | D8: 300
A10: TOPLAM | B10: =SUM(B2:B9) -> 12100 | D10: =SUM(D2:D8) -> 1900
